sseqid,sstart_x,send_x,strain,filePath,sstart_y,send_y,collection date,location,lineage,genomeID,LIN,lin_parent,idx
EPI_ISL_16984366.fasta,1,29865,EPI_ISL_16984366,EPI_ISL_16984366.fasta,1,29865,2021-01-04,Asia / Bhutan,B.1,6,"1,0,0,0,0,0,0,0,0,0,0,0,0,0,0,1,0,0,0,0",2,15
EPI_ISL_16984389.fasta,1,29825,EPI_ISL_16984389,EPI_ISL_16984389.fasta,1,29825,2020-10-04,Asia / Bhutan,B.1.1.216,7,"1,0,0,0,0,0,0,0,0,0,0,0,0,0,0,0,4,0,0,0",2,16
EPI_ISL_16984380.fasta,1,29820,EPI_ISL_16984380,EPI_ISL_16984380.fasta,1,29820,2020-07-19,Asia / Bhutan,B.1.1.216,9,"1,0,0,0,0,0,0,0,0,0,0,0,0,0,0,0,4,1,0,0",7,17
EPI_ISL_16984385.fasta,1,29870,EPI_ISL_16984385,EPI_ISL_16984385.fasta,1,29870,2020-08-24,Asia / Bhutan,B.1.36,4,"1,0,0,0,0,0,0,0,0,0,0,0,0,0,0,0,2,0,0,0",2,16
EPI_ISL_16984368.fasta,1,29865,EPI_ISL_16984368,EPI_ISL_16984368.fasta,1,29865,2020-09-06,Asia / Bhutan,B.1.36,5,"1,0,0,0,0,0,0,0,0,0,0,0,0,0,0,0,3,0,0,0",2,16
EPI_ISL_16984340.fasta,1,29824,EPI_ISL_16984340,EPI_ISL_16984340.fasta,1,29824,2020-08-25,Asia / Bhutan,B.1.36,8,"1,0,0,0,0,0,0,0,0,0,0,0,0,0,0,0,3,1,0,0",5,17
EPI_ISL_16984363.fasta,1,29849,EPI_ISL_16984363,EPI_ISL_16984363.fasta,1,29849,2020-05-13,Asia / Bhutan,B.1.428,2,"1,0,0,0,0,0,0,0,0,0,0,0,0,0,0,0,0,0,0,0",1,0
EPI_ISL_16984345.fasta,1,29865,EPI_ISL_16984345,EPI_ISL_16984345.fasta,1,29865,2020-07-26,Asia / Bhutan,B.1.441,3,"1,0,0,0,0,0,0,0,0,0,0,0,0,0,0,0,1,0,0,0",2,16
